model,perturbation,subgroup,mse_all,mse_de20,pearson_delta_all,pearson_delta_de20,pearson_raw_all
adamson_lora_r16,CREB1+ctrl,unseen_single,0.02471080039220389,0.9578816370899308,-0.522984180734812,-0.8466250964399491,0.9637270870734566
adamson_lora_r16,BHLHE40+ctrl,unseen_single,0.024394668515140806,1.0290655681456233,-0.4435561169128677,-0.8336005765981155,0.963575206422671
adamson_lora_r16,DDIT3+ctrl,unseen_single,0.02512997727839238,0.9159004926941717,-0.5258930184251034,-0.7825722676866553,0.96328245593129
adamson_lora_r16,HARS+ctrl,unseen_single,0.010601470145973655,0.3417537585157769,0.5915674798567278,0.8494196135571246,0.981774006956332
adamson_lora_r16,DAD1+ctrl,unseen_single,0.0015719271355924586,0.01045282163822868,0.8740192283749663,0.9828118207864363,0.9972920492045294
adamson_lora_r16,DDRGK1+ctrl,unseen_single,0.0015216958071427526,0.014663609158740565,0.8708974274389794,0.9550012645146138,0.9973652654690639
adamson_lora_r16,SAMM50+ctrl,unseen_single,0.00242348979286396,0.008018405989514655,0.8347998151960562,0.9854779081364131,0.995942797112029
adamson_lora_r16,CAD+ctrl,unseen_single,0.009254293823593992,0.24468067991032133,0.5065526238746029,0.8051924633614752,0.9838835660934079
adamson_lora_r16,GNPNAT1+ctrl,unseen_single,0.0022089425409794064,0.010715941504509618,0.8153034574491999,0.9728945441129465,0.9961505707397048
adamson_lora_r16,TTI2+ctrl,unseen_single,0.0019361654620257353,0.0084722916199868,0.8380551345409767,0.9774208050832718,0.9966306849900225
adamson_lora_r16,MANF+ctrl,unseen_single,0.0017758837455152557,0.026255925177757333,0.847943628671231,0.9424032695923478,0.9969424101890372
adamson_lora_r16,TARS+ctrl,unseen_single,0.002744045343987079,0.1044081047604239,0.7945232582074334,0.7710827700412897,0.9952089504685541
adamson_lora_r16,EIF2B2+ctrl,unseen_single,0.006088848452377011,0.23399711999466785,0.7181973261908753,0.8532057512431469,0.9893193504753712
adamson_lora_r16,ARHGAP22+ctrl,unseen_single,0.002124885567153201,0.027269333805525604,0.8172496735475241,0.9321861339611667,0.9963131714132382
adamson_lora_r16,SRP72+ctrl,unseen_single,0.002981986914410039,0.010374630999921568,0.7744570641565938,0.9805853185395338,0.9949492779006093
adamson_lora_r16,TMED10+ctrl,unseen_single,0.0015299859313739012,0.0045584196790752,0.8768646877101162,0.985998207487397,0.9973523301217984
adamson_lora_r16,COPB1+ctrl,unseen_single,0.002598481073706675,0.013580908660362304,0.7964966568233113,0.9761258829136283,0.995528752942261
adamson_lora_r16,FECH+ctrl,unseen_single,0.002174432133249785,0.02440620607498449,0.8125988201485659,0.9261516930128227,0.9962193597195361
adamson_lora_r16,DHDDS+ctrl,unseen_single,0.0056366796503554166,0.40919392812777033,0.7080876729638671,0.696860356980035,0.9902487668714308
adamson_lora_r16,CARS+ctrl,unseen_single,0.016639091569077093,0.5276656493113834,0.6305184276693506,0.8825552539324892,0.9706942911786842
adamson_lora_r16,TMED2+ctrl,unseen_single,0.001825284803236523,0.023337600294133707,0.8583804909565725,0.949266147671617,0.9968483349110074
